year,index,regressor,Coefficient,P-value,R-squared,Error
2018,RRRRR,T2M,-0.0015979010428291232,0.5982146484974995,0.005828845617795064,0.020993375693688143
2018,RRRRS,T2M,0.000973228585531403,0.570910356355454,0.006738080486831666,0.0067307152296815055
2018,RRRSR,T2M,-0.00029742535433372185,0.7366744678916808,0.002377476578600657,0.0017894101071133338
2018,RRRSS,T2M,-3.184646564095689e-05,0.9769501139458749,1.7573440614371272e-05,0.0027820309916424483
2018,RRSRR,T2M,9.331443779996682e-05,0.9502094853950247,8.208086234906542e-05,0.005113568061463594
2018,RRSRS,T2M,0.0017107177417575324,0.14241204924745515,0.04428416817908476,0.0030446748517838403
2018,RRSSR,T2M,0.005107326492944841,0.08391224975521476,0.06095015424987982,0.019373361938998034
2018,RRSSS,T2M,0.0009496978197833537,0.3252424492497217,0.020166040748613834,0.0021125482704352676
2018,RSRRR,T2M,0.00010322867369965743,0.3666721298366009,0.017008517644189647,2.968847549028272e-05
2018,RSRRS,T2M,0.0,,,0.0
2018,RSRSR,T2M,6.0078430454649196e-05,0.5319593004727742,0.008189919218213215,2.1071233939606106e-05
2018,RSRSS,T2M,-0.00019879462488794921,0.17887048565007738,0.0373240137180918,4.9136586799805746e-05
2018,RSSRR,T2M,0.0,,,0.0
2018,RSSRS,T2M,0.0,,,0.0
2018,RSSSR,T2M,-0.00011796973052811956,0.526425779200407,0.008412018401475652,7.908172379285105e-05
2018,RSSSS,T2M,0.00031710773342951787,0.20053166919192816,0.033903681929494,0.00013813099531053493
2018,SRRRR,T2M,0.0001685141566633499,0.36574010126265444,0.017074223143846767,7.880548865151143e-05
2018,SRRRS,T2M,0.0008847805926041377,0.17052441938569968,0.0387686544019189,0.0009356690953765253
2018,SRRSR,T2M,6.11855481936341e-06,0.9788431252760704,1.4804843691429426e-05,0.00012189653678411156
2018,SRRSS,T2M,-0.0006734481517284551,0.16308302468916192,0.04012491725958511,0.0005230133941713171
2018,SRSRR,T2M,0.0007586773322031865,0.15744842811950385,0.04119841698982274,0.0006457528661573544
2018,SRSRS,T2M,-0.0005074759699189289,0.18670077705028754,0.03603592068574324,0.000332093293567819
2018,SRSSR,T2M,-0.0002771141549123233,0.19591639520333684,0.03459607397525699,0.00010330077406328778
2018,SRSSS,T2M,0.00011028800774809185,0.8946934435004985,0.0003687790990724027,0.0015894029265313269
2018,SSRRR,T2M,-0.00032776765819608137,0.07410940726495076,0.06493685268847182,7.457372105837382e-05
2018,SSRRS,T2M,0.0020236912135150552,0.06449354994807376,0.06941975810605883,0.002646446603046329
2018,SSRSR,T2M,-6.750136468058216e-05,0.8608576921098953,0.0006465745068426898,0.0003394920014903738
2018,SSRSS,T2M,-0.00044078036882968255,0.4664605565311526,0.011102403341099465,0.0008342240783326378
2018,SSSRR,T2M,-4.9060614536680164e-05,0.8683488637213278,0.000578223550033341,0.000200550113647486
2018,SSSRS,T2M,0.00139571999215298,0.2631519995695929,0.026013567562816586,0.0035160375271864742
2018,SSSSR,T2M,-0.0008478246710331752,0.4188915230088056,0.013661173191556797,0.002501808965044282
2018,SSSSS,T2M,-0.009227579593051295,0.1009306452007509,0.0550676736480995,0.07043418419104157
2018,RRRRR,QV2M,-0.16115738934903567,0.23104446439658374,0.02974450096744885,0.02048836170741126
2018,RRRRS,QV2M,0.24160620535478214,0.49863689152909807,0.009591747876491974,0.006711377709353085
2018,RRRSR,QV2M,0.03493382741789543,0.9496420823226284,8.396470120453081e-05,0.001793523920943561
2018,RRRSS,QV2M,-1.4385850851701834,0.41446825968781364,0.013921178781411525,0.0027433500509315705
2018,RRSRR,QV2M,-0.756572934534739,0.8959227102866674,0.00036017223007700494,0.005112145905595632
2018,RRSRS,QV2M,12.750083472056133,0.23089502413603646,0.029763280581388885,0.0030909348171650236
2018,RRSSR,QV2M,-75.25602390303182,0.231520105976862,0.029684823773199365,0.020018391131227192
2018,RRSSS,QV2M,-3.3503181020642687,0.9435898688765901,0.00010539452930380389,0.0021557995612017113
2018,RSRRR,QV2M,11.73882551663632,0.3616535488446556,0.017365023067760887,2.9677708253007705e-05
2018,RSRRS,QV2M,0.0,,,0.0
2018,RSRSR,QV2M,23.313240754644248,0.6850552092933484,0.0034567722014703373,2.1171790739736352e-05
2018,RSRSS,QV2M,-169.15430838226249,0.4084237135396461,0.014283078863779108,5.031263451632796e-05
2018,RSSRR,QV2M,0.0,,,0.0
2018,RSSRS,QV2M,0.0,,,0.0
2018,RSSSR,QV2M,-2684.111109239075,0.3899184921184605,0.015440504557370005,7.852118371856911e-05
2018,RSSSS,QV2M,13636.483014577514,0.15374202181206073,0.04192798117091012,0.00013698369310044048
2018,SRRRR,QV2M,28123.94771335672,0.08647912693541594,0.059986508164419194,7.536502176192038e-05
2018,SRRRS,QV2M,193038.40176544368,0.14417951780464291,0.043903351776778066,0.0009306709462111156
2018,SRRSR,QV2M,-9973.31855359926,0.9270393429827078,0.00017650397237922721,0.00012187682592850737
2018,SRRSS,QV2M,-503544.0172816087,0.33997134865255585,0.018985330587197646,0.0005345318585795594
2018,SRSRR,QV2M,2302766.5449386793,0.08487278995340086,0.06058598270919435,0.0006326953406453575
2018,SRSRS,QV2M,-2460225.4519962664,0.26798636317655883,0.02549934891514849,0.0003357232263602314
2018,SRSSR,QV2M,-3606243.7037536944,0.20485964507257184,0.03327076335475243,0.00010344258580579453
2018,SRSSS,QV2M,6894228.5991508085,0.7864850892852872,0.0015434512406667933,0.001587535210417096
2018,SSRRR,QV2M,-15677496.53141595,0.2289275950531597,0.030011860178724592,7.735908016152748e-05
2018,SSRRS,QV2M,333115147.03696346,0.06016379161901264,0.07166916715086413,0.0026400495825020594
2018,SSRSR,QV2M,4778941.046315038,0.9734656426496817,2.3290265799058574e-05,0.00033970373840855653
2018,SSRSS,QV2M,-190669563.0406773,0.7143681976949416,0.00281592649585094,0.000841214466955492
2018,SSSRR,QV2M,883381.6603918672,0.9987961002244277,4.792732588576598e-08,0.00020066613391998202
2018,SSSRS,QV2M,8238357573.61936,0.14511850674933016,0.04370310925304888,0.003452179253241167
2018,SSSSR,QV2M,-4159797026.0097466,0.7060120073445104,0.0029909866080404246,0.002528873466337123
2018,SSSSS,QV2M,26299858197.10555,0.8485628716865228,0.0007673008863402497,0.07448167240801219
2018,RRRRR,RH2M,-0.24467308303512758,0.24013503465008113,0.028628311904971837,0.020511931669414767
2018,RRRRS,RH2M,-0.03133003864937444,0.9665548777856678,3.7009585091452024e-05,0.006776124198944744
2018,RRRSR,RH2M,0.6303111110017512,0.6193211248558419,0.005182483999328524,0.001784378836756722
2018,RRRSS,RH2M,-5.66422627854381,0.1747255146675209,0.03803181295857472,0.0026762723406363906
2018,RRSRR,RH2M,-3.0205135948636457,0.8289935548967524,0.0009816264689760379,0.0051089677961859755
2018,RRSRS,RH2M,-1.588417169491514,0.9514665066426958,7.79838216511397e-05,0.0031855048488656705
2018,RRSSR,RH2M,-690.9847788248206,3.592225992488327e-07,0.4201654422275686,0.011962458439563341
2018,RRSSS,RH2M,-188.0748011976957,0.09915810488049741,0.05562953255668157,0.0020360880318659002
2018,RSRRR,RH2M,-7.091538617617941,0.8223736847971161,0.0010603697318174454,3.0170144158740708e-05
2018,RSRRS,RH2M,0.0,,,0.0
2018,RSRSR,RH2M,-37.80497515371734,0.7880776585362937,0.001519969728333348,2.1212938555025856e-05
2018,RSRSS,RH2M,368.5978002146392,0.46171184947088306,0.011339557421015112,5.04628767566357e-05
2018,RSSRR,RH2M,0.0,,,0.0
2018,RSSRS,RH2M,0.0,,,0.0
2018,RSSSR,RH2M,-2544.007284854604,0.7398163018588806,0.0023190296770547736,7.956765551078176e-05
2018,RSSSS,RH2M,4383.261024668358,0.8528219569673741,0.0007242719411990617,0.0001428749373376124
2018,SRRRR,RH2M,28084.31435626876,0.4895745152040508,0.010000826586698652,7.937259400700924e-05
2018,SRRRS,RH2M,108013.38454126213,0.7409510365223843,0.002298118301246488,0.0009711697619720168
2018,SRRSR,RH2M,-163493.5075022611,0.5385635120708305,0.007930179176130592,0.00012093166578087299
2018,SRRSS,RH2M,1108531.459394954,0.3908067295694282,0.01538318125726501,0.0005364945851689208
2018,SRSRR,RH2M,1460469.8082730225,0.6596565428884215,0.004074406127621,0.0006707558874730472
2018,SRSRS,RH2M,3160137.181561285,0.5625473064436517,0.007033928663836564,0.00034208471052749875
2018,SRSSR,RH2M,2927816.5010833647,0.6761542974062547,0.003666461501304341,0.00010661032442237235
2018,SRSSS,RH2M,26052517.19667907,0.6753852428849341,0.0036849176267388373,0.0015841303018168786
2018,SSRRR,RH2M,22941337.82555352,0.4737759585554716,0.010744438960344938,7.889570717926936e-05
2018,SSRRS,RH2M,36005132.970235385,0.9350061099217011,0.00013998422460326232,0.0028434690778360865
2018,SSRSR,RH2M,190470718.17994577,0.5871983123295306,0.0061854858713016325,0.00033761036876942723
2018,SSRSS,RH2M,371023076.2784838,0.7709525345277952,0.0017826484401349818,0.0008420861299432506
2018,SSSRR,RH2M,252473708.62507492,0.860013491718274,0.0006545235508624847,0.0002005348028205677
2018,SSSRS,RH2M,5204526265.203099,0.7095517790867673,0.0029160982486413634,0.0035994181228365227
2018,SSSSR,RH2M,28148056340.159367,0.2941860211439988,0.022897603040761827,0.002478381130335072
2018,SSSSS,RH2M,944892245358.5126,0.003360852833762629,0.1655836205496204,0.062196450817942596
2018,RRRRR,T2M_MAX,0.001566306889936813,0.7196984265643329,0.0027073684921633534,0.021059290241428528
2018,RRRRS,T2M_MAX,0.0004891427898960613,0.8432491511042512,0.0008227893378677242,0.0067707994606805615
2018,RRRSR,T2M_MAX,-0.00018399408183515732,0.8850588172530476,0.0004398239165618323,0.0017928856253340295
2018,RRRSS,T2M_MAX,-0.0005376846351211771,0.7343314590134666,0.0024215889725902606,0.0027753428283940618
2018,RRSRR,T2M_MAX,0.002155315657174208,0.31338805072155484,0.02116785499090268,0.005005735669352853
2018,RRSRS,T2M_MAX,-0.0006212364882983208,0.7140231555305385,0.0028230368421893193,0.003176759787185022
2018,RRSSR,T2M_MAX,0.010412859087191924,0.012726164532911255,0.12247245110959204,0.01810410692577816
2018,RRSSS,T2M_MAX,0.004460753467739275,0.0006938570808343917,0.21506862733340615,0.0016923330714155868
2018,RSRRR,T2M_MAX,7.218125998680958e-05,0.661798796046563,0.004019995331705828,3.0080757044345655e-05
2018,RSRRS,T2M_MAX,0.0,,,0.0
2018,RSRSR,T2M_MAX,0.00016810911097611502,0.22131250672386377,0.030998153592613154,2.058666773931752e-05
2018,RSRSS,T2M_MAX,-0.00026689873631288843,0.21011602149864467,0.03252242805667349,4.9381667734607306e-05
2018,RSSRR,T2M_MAX,0.0,,,0.0
2018,RSSRS,T2M_MAX,0.0,,,0.0
2018,RSSSR,T2M_MAX,4.912603188984133e-05,0.8547546681834484,0.0007051690977558644,7.969636509474276e-05
2018,RSSSS,T2M_MAX,0.00037885289929629265,0.2889612925363608,0.02339296600659846,0.0001396338016298422
2018,SRRRR,T2M_MAX,-0.00040276822126837614,0.12984046727961213,0.0471508390894132,7.639411388407456e-05
2018,SRRRS,T2M_MAX,0.00028372614286595977,0.7621101329354907,0.001927165982586243,0.0009715308494688177
2018,SRRSR,T2M_MAX,-0.00010603226811540392,0.7491975961672537,0.00214928040719109,0.00012163634775301269
2018,SRRSS,T2M_MAX,-0.0009728295795001082,0.16121968004062653,0.04047531289298856,0.0005228224718181648
2018,SRSRR,T2M_MAX,0.0003160468205312705,0.6850863976179633,0.003456050062211613,0.0006711723502831004
2018,SRSRS,T2M_MAX,-7.69111781184491e-05,0.8903356819511247,0.0004001238572893806,0.0003443701090546508
2018,SRSSR,T2M_MAX,-9.985805227746165e-05,0.7479394744407978,0.002171633038438814,0.0001067702750224716
2018,SRSSS,T2M_MAX,0.0001556991074470753,0.8966254885430816,0.00035529804914202767,0.0015894243612562175
2018,SSRRR,T2M_MAX,-0.00041352586079428734,0.11865543556327558,0.0499660765806752,7.576767943936672e-05
2018,SSRRS,T2M_MAX,-0.0002226902310524694,0.8894900685162712,0.0004063570482165657,0.002842711548906867
2018,SSRSR,T2M_MAX,-0.00016335688667772977,0.7679805546698669,0.0018305400201281685,0.0003390897946118588
2018,SSRSS,T2M_MAX,0.0002558022576223445,0.7694014436441334,0.001807557495417833,0.0008420651169144439
2018,SSSRR,T2M_MAX,2.7866831443766918e-05,0.9478136855104355,9.01811669198338e-05,0.0002006480472303882
2018,SSSRS,T2M_MAX,-0.00019895886119981798,0.9122657712807953,0.0002555293275045001,0.0036090226305163426
2018,SSSSR,T2M_MAX,-0.0026243254227842857,0.07804558977970305,0.06327354011538855,0.0023759691816214457
2018,SSSSS,T2M_MAX,-0.013900717850641838,0.08534196799089068,0.060409667884546714,0.07003599799769793
2018,RRRRR,T2M_MIN,-0.0019776485141036787,0.49856399323939604,0.009594989201599402,0.020913848072289482
2018,RRRRS,T2M_MIN,0.0005932020085301493,0.720555253668131,0.002690141909310051,0.0067581455794183546
2018,RRRSR,T2M_MIN,-0.00042688616214104567,0.616599395515617,0.005263176196786068,0.0017842341012176723
2018,RRRSS,T2M_MIN,-0.0003082091029389562,0.771817400553956,0.0017688407002439677,0.0027771588262308004
2018,RRSRR,T2M_MIN,-0.00014223761752579545,0.9213977061049486,0.0002049446777860897,0.005112939737407685
2018,RRSRS,T2M_MIN,0.0018649766826445934,0.09629760235633404,0.05655904507973197,0.0030055701223613545
2018,RRSSR,T2M_MIN,0.0037307262945217527,0.1936089946795922,0.03494924717777492,0.01990978179544108
2018,RRSSS,T2M_MIN,0.0005749015461786662,0.5382736992833981,0.007941457115561268,0.0021389048003013353
2018,RSRRR,T2M_MIN,7.946048467587924e-05,0.4720092675122023,0.010830080198539038,2.9875077706035235e-05
2018,RSRRS,T2M_MIN,0.0,,,0.0
2018,RSRSR,T2M_MIN,5.086665643058717e-05,0.5834731233689948,0.006309171428360516,2.1111190860219524e-05
2018,RSRSS,T2M_MIN,-0.000182243257061038,0.2018518688186157,0.033708970238250036,4.932110464408934e-05
2018,RSSRR,T2M_MIN,0.0,,,0.0
2018,RSSRS,T2M_MIN,0.0,,,0.0
2018,RSSSR,T2M_MIN,-0.0001529746820159419,0.39365443032179126,0.0152006318493485,7.854031419170234e-05
2018,RSSSS,T2M_MIN,0.00034300721588749467,0.15027195430000884,0.04262880852079198,0.00013688348986234787
2018,SRRRR,T2M_MIN,0.00020043039521184196,0.26367619042821044,0.025957258330440713,7.809329659686094e-05
2018,SRRRS,T2M_MIN,0.0009071491171671353,0.14468400321894065,0.04379559182388337,0.0009307758404783537
2018,SRRSR,T2M_MIN,-6.740308870436864e-05,0.7618946638752476,0.0019307640122915304,0.00012166298453913497
2018,SRRSS,T2M_MIN,-0.0005704459894572153,0.22176507233060672,0.030938436662837687,0.0005280188917446855
2018,SRSRR,T2M_MIN,0.0008291711831748941,0.10814788749488267,0.05288325715509001,0.0006378831263060468
2018,SRSRS,T2M_MIN,-0.0004682381231924162,0.20696300818027571,0.03296868930383645,0.0003331499791784245
2018,SRSSR,T2M_MIN,-0.0002521719741488623,0.2229180472465607,0.030786939417352555,0.0001037083615380591
2018,SRSSS,T2M_MIN,0.00010666229941226606,0.8944244144484683,0.0003706765248335797,0.0015893999096447044
2018,SSRRR,T2M_MIN,-0.00030981230575435735,0.08033053420559848,0.06234761579057302,7.478021944378568e-05
2018,SSRRS,T2M_MIN,0.0020432711774766984,0.0525651673156317,0.07605190637568637,0.002627585654286731
2018,SSRSR,T2M_MIN,4.1853813918782565e-05,0.9103038867958037,0.0002671326869776447,0.0003396209022972245
2018,SSRSS,T2M_MIN,-0.00045252085884142553,0.4381406875525976,0.01257515079419691,0.0008329816833760438
2018,SSSRR,T2M_MIN,-9.421434927433267e-05,0.741309194485261,0.0022915397595795195,0.0002002063090910563
2018,SSSRS,T2M_MIN,0.001235338137548184,0.3050757091371431,0.02189971684063463,0.003530888302349985
2018,SSSSR,T2M_MIN,-0.0005006920089247322,0.621442474665471,0.005120126612979892,0.0025234729879138737
2018,SSSSS,T2M_MIN,-0.006695318978694765,0.22012928261445183,0.03115495716102279,0.07221661096446076
2018,RRRRR,PRECTOTCORR,-0.031684410756899095,0.6161287880317323,0.0052772070789791625,0.02100502434698233
2018,RRRRS,PRECTOTCORR,0.15964100197882192,0.5917339269814107,0.0060370107618086255,0.006735465941032238
2018,RRRSR,PRECTOTCORR,0.29100862072589934,0.5943867664517869,0.005951236759959899,0.001782999944512963
2018,RRRSS,PRECTOTCORR,-0.9673681734207551,0.6038632951986658,0.005651174397902636,0.0027663578637539435
2018,RRSRR,PRECTOTCORR,-0.35464157598540963,0.9548763337738627,6.73999717818452e-05,0.00511364313935917
2018,RRSRS,PRECTOTCORR,-5.288481583033182,0.6522867334555889,0.004264927034147603,0.0031721662807678223
2018,RRSSR,PRECTOTCORR,-286.090119353308,5.210953685008604e-06,0.35391379592290084,0.013329283777668293
2018,RRSSS,PRECTOTCORR,-105.13267525861909,0.039627701245223225,0.0852639836511433,0.001972195361262062
2018,RSRRR,PRECTOTCORR,8.760693060413924,0.5385231184385498,0.007931750419459704,2.9962613553652893e-05
2018,RSRRS,PRECTOTCORR,0.0,,,0.0
2018,RSRSR,PRECTOTCORR,-3.692941392494882,0.9536704142431157,7.105458709077972e-05,2.124372109141195e-05
2018,RSRSS,PRECTOTCORR,-14.951077160778434,0.9474643523230435,9.139424551474207e-05,5.103700175205187e-05
2018,RSSRR,PRECTOTCORR,0.0,,,0.0
2018,RSSRS,PRECTOTCORR,0.0,,,0.0
2018,RSSSR,PRECTOTCORR,-1590.583201903776,0.6456620230954185,0.004440650738556262,7.939845070607217e-05
2018,RSSSS,PRECTOTCORR,9451.134279813366,0.3740772305640643,0.016494460989211035,0.00014062013947875314
2018,SRRRR,PRECTOTCORR,28890.900206901744,0.11177473155018029,0.05184337240641557,7.601789282062596e-05
2018,SRRRS,PRECTOTCORR,112291.34803459287,0.4457246782280241,0.01216669139876525,0.0009615636261493576
2018,SRRSR,PRECTOTCORR,7484.403195139152,0.9504141955437606,8.140646918830541e-05,0.00012188841815642428
2018,SRRSS,PRECTOTCORR,38554.456073322915,0.9475341892764697,9.115108200785649e-05,0.0005448268533458356
2018,SRSRR,PRECTOTCORR,1821572.76295433,0.22093497181278432,0.031048079073661805,0.0006525891187438887
2018,SRSRS,PRECTOTCORR,-676197.979555484,0.7841921616803599,0.0015775980272768608,0.0003439644598363933
2018,SRSSR,PRECTOTCORR,-1801471.1553456055,0.5691547163899113,0.0067994937741987505,0.00010627508168072747
2018,SRSSS,PRECTOTCORR,23221434.881900635,0.4074738043818664,0.01434065623656322,0.0015671877916424326
2018,SSRRR,PRECTOTCORR,-1037198.4608787502,0.9430088933539695,0.00010758025688972772,7.974402436102279e-05
2018,SSRRS,PRECTOTCORR,-37534096.20409675,0.8507359280627961,0.0007451863478636911,0.002841747963383883
2018,SSRSR,PRECTOTCORR,-33387453.909261134,0.8333978946568176,0.0009309940052912857,0.0003393953808731546
2018,SSRSS,PRECTOTCORR,118767353.21935914,0.8366241156232013,0.0008947917184782828,0.0008428351169544619
2018,SSSRR,PRECTOTCORR,223736128.57280192,0.7293017591996993,0.0025178106185382854,0.00020016090419039414
2018,SSSRS,PRECTOTCORR,2310263165.50186,0.7144335364396345,0.0028145811893044437,0.0035997845938451436
2018,SSSSR,PRECTOTCORR,1904958031.679072,0.875850952523987,0.0005136945077454103,0.0025351570186186506
2018,SSSSS,PRECTOTCORR,325981457868.83374,0.0280747193307927,0.09654785998821191,0.06734229813372176
2019,RRRRR,T2M,-0.0007356565160842025,0.8282489668649076,0.0010116087933790263,0.02548464764637663
2019,RRRRS,T2M,-0.000942562699499854,0.31956795816215444,0.02107870898522246,0.001967455327529102
2019,RRRSR,T2M,0.0014339741144428354,0.38476583773002015,0.016113173422140026,0.005987248767394945
2019,RRRSS,T2M,-0.00014556308312149312,0.8551750878593763,0.0007161177632342142,0.0014098975077799657
2019,RRSRR,T2M,0.0007772467284993784,0.6844640439788681,0.003544969160875655,0.008097364020722697
2019,RRSRS,T2M,-0.000814527472870771,0.0932151538512035,0.05879505703646859,0.0005064487141532628
2019,RRSSR,T2M,0.00035703323505331506,0.4907621415766279,0.010159291191090603,0.000592242824985091
2019,RRSSS,T2M,0.002595045273019174,0.0035360140140196345,0.16717003129577568,0.001599810025518765
2019,RSRRR,T2M,-4.279978982554164e-05,0.41645703493172004,0.014098489196587072,6.108363092363607e-06
2019,RSRRS,T2M,0.0,,,0.0
2019,RSRSR,T2M,0.0,,,0.0
2019,RSRSS,T2M,-8.790130374047789e-05,0.527300761045934,0.008555971134590501,4.2694323775976395e-05
2019,RSSRR,T2M,0.0,,,0.0
2019,RSSRS,T2M,0.0,,,0.0
2019,RSSSR,T2M,0.0,,,0.0
2019,RSSSS,T2M,0.0002040655311580167,0.5099407391489791,0.009293321480041694,0.0002116869342047213
2019,SRRRR,T2M,0.0002847986294938854,0.3268925875054095,0.02045658452073662,0.00018520255363563268
2019,SRRRS,T2M,-0.00015714090231285958,0.8532170582585092,0.000735829133659216,0.001599051450089464
2019,SRRSR,T2M,4.6648619805848604e-05,0.592038059450898,0.006156337333003248,1.6751506764003515e-05
2019,SRRSS,T2M,0.0007947366654491633,0.0353038164644819,0.09086730660735531,0.0003013330278297837
2019,SRSRR,T2M,0.0006226765571199515,0.049352421285554664,0.07971445647053788,0.0002134475415449481
2019,SRSRS,T2M,-8.314649360457448e-05,0.8134302306111922,0.001197007859223942,0.0002750751298488448
2019,SRSSR,T2M,0.000510248635993307,0.34809057150284806,0.018753956253353632,0.0006495750574802523
2019,SRSSS,T2M,-0.0006027632712098053,0.32722460560797406,0.02042881232640903,0.0008307437099474006
2019,SSRRR,T2M,0.00012157839627539358,0.664081839538614,0.0040475170461835575,0.00017343764519126521
2019,SSRRS,T2M,-0.0004113278230105718,0.48073896916716397,0.010634511740064467,0.0007505782775876192
2019,SSRSR,T2M,0.0,,,0.0
2019,SSRSS,T2M,0.00029631448677462137,0.7179079133384894,0.0028024784141736925,0.0014897908373775219
2019,SSSRR,T2M,0.0014163991986743533,0.17522661307259327,0.03874511436989858,0.002373414400856225
2019,SSSRS,T2M,0.0002178121447947883,0.9067564274196018,0.00029498488207690965,0.007666849007915183
2019,SSSSR,T2M,-0.0019132694712777256,0.056892826824640995,0.07500097920643001,0.0021528176162240007
2019,SSSSS,T2M,-0.003741919389996164,0.459896012701026,0.011675615078120871,0.05651831590884107
2019,RRRRR,QV2M,-0.1038540845399442,0.4737178807339958,0.01097706585546665,0.025230424309951618
2019,RRRRS,QV2M,-0.23974257076727182,0.20146449782820341,0.03447931080593014,0.0019405225335585913
2019,RRRSR,QV2M,1.2681318764866971,0.19525935183047408,0.03542880561866035,0.0058697073063894
2019,RRRSS,QV2M,-1.5770788051173426,0.19235024194761052,0.03588586510454317,0.0013602762339785996
2019,RRSRR,QV2M,-4.1103301313377525,0.5599153328042531,0.0072815103892892585,0.00806700024757839
2019,RRSRS,QV2M,-9.310005582066312,0.0250825331029446,0.10228368221483386,0.00048304811637003413
2019,RRSSR,QV2M,6.401952849059533,0.5394504063555681,0.008064826536258396,0.0005934959878960222
2019,RRSSS,QV2M,85.60792159915192,0.04325886121302344,0.08409534655586959,0.0017593908745610896
2019,RSRRR,QV2M,-4.521494526267004,0.4236087309931692,0.0136741851225336,6.110991958753897e-06
2019,RSRRS,QV2M,0.0,,,0.0
2019,RSRSR,QV2M,0.0,,,0.0
2019,RSRSS,QV2M,-74.12407691782741,0.6846859595765653,0.003539710687328057,4.2910337833698984e-05
2019,RSSRR,QV2M,0.0,,,0.0
2019,RSSRS,QV2M,0.0,,,0.0
2019,RSSSR,QV2M,0.0,,,0.0
2019,RSSSS,QV2M,8924.746762512077,0.4338385575917749,0.013085304355520688,0.00021087669112584536
2019,SRRRR,QV2M,34828.67822119604,0.15538490274859645,0.042477460919729815,0.00018103906023866798
2019,SRRRS,QV2M,17602.675150034556,0.9155465332349075,0.0002417970103451017,0.0015998420145930338
2019,SRRSR,QV2M,29666.820102115904,0.44809619409775814,0.012298444374326922,1.664797986987224e-05
2019,SRRSS,QV2M,340081.1651515817,0.39402296712076446,0.015500944713315534,0.000326313291097291
2019,SRSRR,QV2M,1632226.8140916417,0.030052191019790977,0.09624396077474551,0.00020961375095517254
2019,SRSRS,QV2M,241223.76412853843,0.9008251305373068,0.00033390145585709963,0.00027531283348794847
2019,SRSSR,QV2M,10024379.11152728,0.14226896386045376,0.04524616617059418,0.0006320374797346511
2019,SRSSS,QV2M,-5491509.699708129,0.7603252530561931,0.001999122001635767,0.0008463733543328636
2019,SSRRR,QV2M,9640057.490400739,0.6074606320636495,0.005658612055319923,0.0001731570850949288
2019,SSRRS,QV2M,-13371880.654719127,0.8822853490393596,0.0004713784370345975,0.0007582884991184892
2019,SSRSR,QV2M,0.0,,,0.0
2019,SSRSS,QV2M,659023562.9884653,0.32419863115731096,0.020683285063684775,0.001463077311386204
2019,SSSRR,QV2M,3133742779.5532565,0.1102377497245361,0.05337311138670686,0.002337296718341023
2019,SSSRS,QV2M,-3531311966.395994,0.6614400426300269,0.0041155347707791945,0.007637548785668692
2019,SSSSR,QV2M,-18532717382.901325,0.0652979014697313,0.07044946588068446,0.002163410684808805
2019,SSSSS,QV2M,4330020463.534054,0.9704443543795938,2.951990908917068e-05,0.05718430947928181
2019,RRRRR,RH2M,-0.20173874438999778,0.37479574998823373,0.016795950757777955,0.025081981912887217
2019,RRRRS,RH2M,-0.24861385842210074,0.5347177101395859,0.008253770585766707,0.001993231141796136
2019,RRRSR,RH2M,0.7876493483359868,0.7323820167302242,0.0025114365727482157,0.006070019447910309
2019,RRRSS,RH2M,-5.02040996045518,0.08426814994572793,0.06208081531579379,0.0013233175722051356
2019,RRSRR,RH2M,-24.892254633344837,0.1469525197561774,0.04422650341570389,0.0077667789149347905
2019,RRSRS,RH2M,-11.864907221859026,0.25780592764550303,0.027159739574476705,0.0005234712191562746
2019,RRSSR,RH2M,-8.92668183038358,0.7304438536560377,0.002549375982972446,0.000596795999693551
2019,RRSSS,RH2M,-117.19795839506685,0.2724685750335383,0.025563892264304888,0.0018718258383623187
2019,RSRRR,RH2M,3.9643583996802136,0.7782854433858755,0.0017032361482202107,6.185160526398829e-06
2019,RSRRS,RH2M,0.0,,,0.0
2019,RSRSR,RH2M,0.0,,,0.0
2019,RSRSS,RH2M,142.30234416602795,0.7538432332172216,0.0021122589514707135,4.297180785602088e-05
2019,RSSRR,RH2M,0.0,,,0.0
2019,RSSRS,RH2M,0.0,,,0.0
2019,RSSSR,RH2M,0.0,,,0.0
2019,RSSSS,RH2M,-1404.4645706856602,0.9606052542287549,5.246384932933168e-05,0.00021366145286264555
2019,SRRRR,RH2M,39864.08990584336,0.5165073070844712,0.00900936644285022,0.00018736688243060627
2019,SRRRS,RH2M,180999.91910358873,0.6605344279161031,0.004139006168036419,0.001593605587693523
2019,SRRSR,RH2M,6633.017790925165,0.9457570829899594,9.953507233628756e-05,1.6853595822724806e-05
2019,SRRSS,RH2M,-1748848.3373863585,0.0739292460164365,0.06636557865694537,0.00030945415241810605
2019,SRSRR,RH2M,611699.8744573805,0.7495849993953769,0.002188440856886409,0.00023142863182160897
2019,SRSRS,RH2M,1683909.0820739928,0.7261642727451861,0.002634274177423346,0.00027467929981808096
2019,SRSSR,RH2M,14784537.380233582,0.3874414973533148,0.015934110920996947,0.0006514417668601517
2019,SRSSS,RH2M,34378527.943020605,0.44101244341199064,0.012684574371705781,0.000837311356127853
2019,SSRRR,RH2M,19269337.708664313,0.6796395716914974,0.0036604118265033403,0.0001735050566580688
2019,SSRRS,RH2M,212784907.1072828,0.34078869155858815,0.0193246827629191,0.0007439855131586235
2019,SSRSR,RH2M,0.0,,,0.0
2019,SSRSS,RH2M,1492935599.9540658,0.36927679880509323,0.01718476897696042,0.0014683040163243905
2019,SSSRR,RH2M,753794146.5040247,0.8787935147248305,0.0004999725662865329,0.0024678446832677213
2019,SSSRS,RH2M,-10992130525.512491,0.5831371188685608,0.006455871342967212,0.007619600484064392
2019,SSSSR,RH2M,905096547.135025,0.971627443123717,2.7202948145288453e-05,0.002327309548275129
2019,SSSSS,RH2M,405657139016.53296,0.15805510138132703,0.04194531100330612,0.05478731315016746
2019,RRRRR,T2M_MAX,0.003979989757323026,0.38124093815284454,0.016351736825437224,0.025093314012083725
2019,RRRRS,T2M_MAX,-1.1848222851977271e-05,0.9926208414193278,1.8393632039703789e-06,0.0020098160360008627
2019,RRRSR,T2M_MAX,0.0003628979384662839,0.8706614044518864,0.0005699083452485043,0.006081834234096025
2019,RRRSS,T2M_MAX,0.001411419114244599,0.1843649998615824,0.03718189333963384,0.001358447657523852
2019,RRSRR,T2M_MAX,0.005328375484194531,0.034118148539025304,0.0920072086652739,0.007378504731355413
2019,RRSRS,T2M_MAX,-0.00018795088743201583,0.7766674792736199,0.0017288434127069596,0.0005371552151416127
2019,RRSSR,T2M_MAX,5.918797735109246e-06,0.993243848156349,1.5418803460676145e-06,0.0005983204232226141
2019,RRSSS,T2M_MAX,0.0020287429033391726,0.10029056939765638,0.05642351392731337,0.001812546592927612
2019,RSRRR,T2M_MAX,3.335845903612058e-05,0.638682692282531,0.004729756913152805,6.166409071475384e-06
2019,RSRRS,T2M_MAX,0.0,,,0.0
2019,RSRSR,T2M_MAX,0.0,,,0.0
2019,RSRSS,T2M_MAX,2.000385893250975e-05,0.9150419653194971,0.0002447055393329789,4.305222987453663e-05
2019,RSSRR,T2M_MAX,0.0,,,0.0
2019,RSSRS,T2M_MAX,0.0,,,0.0
2019,RSSSR,T2M_MAX,0.0,,,0.0
2019,RSSSS,T2M_MAX,0.00020650092167491155,0.6205894100024589,0.005255489805311098,0.00021254970845121713
2019,SRRRR,T2M_MAX,-0.0002019914858106438,0.6066923116116649,0.005682782290462596,0.00018799584064743485
2019,SRRRS,T2M_MAX,-0.0010034682903366455,0.3780435900342455,0.016570795459178722,0.0015737118786296094
2019,SRRSR,T2M_MAX,-6.474681604451814e-06,0.9559875657371555,6.549666709299018e-05,1.6854169549355148e-05
2019,SRRSS,T2M_MAX,0.0014224930316847407,0.004302071800393275,0.16076777723526037,0.00027816444021422815
2019,SRSRR,T2M_MAX,0.00023416024740176706,0.5899578089845023,0.006225524565785623,0.00023049228592469213
2019,SRSRS,T2M_MAX,4.377929474840064e-05,0.9264429090658075,0.0001832669710488677,0.00027535431894683716
2019,SRSSR,T2M_MAX,-0.000991121683073436,0.17335280485553223,0.03907695411709067,0.0006361214363526683
2019,SRSSS,T2M_MAX,-0.0005248890085860653,0.5273233213406368,0.008555040499547695,0.0008408134847454345
2019,SSRRR,T2M_MAX,0.0003074731849577047,0.41318076863813014,0.014296440300869073,0.00017165287217702787
2019,SSRRS,T2M_MAX,-0.0010942778303645315,0.15999133735105336,0.0415656081096164,0.0007271125216941254
2019,SSRSR,T2M_MAX,0.0,,,0.0
2019,SSRSS,T2M_MAX,-0.0005352416043154114,0.6275300873855958,0.005049795498254905,0.0014864333958194826
2019,SSSRR,T2M_MAX,-0.00040541255033788075,0.7751540761875758,0.0017529823231917652,0.002464750902995798
2019,SSSRS,T2M_MAX,-0.0038849882231034956,0.11567742574731375,0.05182657934802015,0.0072716474755302515
2019,SSSSR,T2M_MAX,-0.0008520333039436308,0.535702648197925,0.008214201410841393,0.0023082553502508218
2019,SSSSS,T2M_MAX,-0.005685415221978689,0.4036547706849636,0.014885137333703558,0.05633477617682099
2019,RRRRR,T2M_MIN,-0.001294816209027196,0.6894110943644445,0.003428815765912696,0.025422983598500173
2019,RRRRS,T2M_MIN,-0.001059437729667219,0.24093742445252772,0.02913666578870966,0.0019512602869394895
2019,RRRSR,T2M_MIN,0.0011060425224190032,0.48378577312737425,0.010488359819105342,0.006021477458543022
2019,RRRSS,T2M_MIN,-0.0003253978347437761,0.6692890191229196,0.003915405484313794,0.0014053836075111805
2019,RRSRR,T2M_MIN,4.1246965825886517e-05,0.9820189279640703,1.0923055538403226e-05,0.008126082283860808
2019,RRSRS,T2M_MIN,-0.0009117161098972442,0.0480595039237792,0.08059610827960595,0.000494717885015762
2019,RRSSR,T2M_MIN,0.00025440533656831627,0.6079356399284124,0.0056437013604968556,0.0005949445987694435
2019,RRSSS,T2M_MIN,0.002461767438832283,0.0038260758108082773,0.1645993304311847,0.0016047481679611908
2019,RSRRR,T2M_MIN,-4.101045034468134e-05,0.41539135143812267,0.014162628133998156,6.107965705896731e-06
2019,RSRRS,T2M_MIN,0.0,,,0.0
2019,RSRSR,T2M_MIN,0.0,,,0.0
2019,RSRSS,T2M_MIN,-9.052023707011666e-05,0.49577826650203494,0.009927399866265563,4.26352662592623e-05
2019,RSSRR,T2M_MIN,0.0,,,0.0
2019,RSSRS,T2M_MIN,0.0,,,0.0
2019,RSSSR,T2M_MIN,0.0,,,0.0
2019,RSSSS,T2M_MIN,0.00020519529116600721,0.4881645348773598,0.01028091824743882,0.00021147591177350775
2019,SRRRR,T2M_MIN,0.0003735109322672344,0.17664117180244834,0.03849722647514242,0.00018179160430313438
2019,SRRRS,T2M_MIN,-5.820516383473861e-05,0.9428635941754269,0.00011045541148502203,0.0016000521912212344
2019,SRRSR,T2M_MIN,3.907995096319514e-05,0.6387680722852269,0.004727355943730416,1.6775592636165542e-05
2019,SRRSS,T2M_MIN,0.0006003373245900588,0.09934329636788529,0.05673059241994827,0.0003126476791683741
2019,SRSRR,T2M_MIN,0.0006653525885089525,0.02719454694684301,0.09958208889609477,0.00020883951816854043
2019,SRSRS,T2M_MIN,-0.00011900879547480623,0.7237391759422904,0.0026830743955094105,0.00027466586000419145
2019,SRSSR,T2M_MIN,0.0006943803525728899,0.179514331441077,0.03800051775949265,0.000636834026444946
2019,SRSSS,T2M_MIN,-0.0005222019900115256,0.3750799537341387,0.0167761412299684,0.0008338414261481815
2019,SSRRR,T2M_MIN,9.608232422887063e-05,0.7196816952089556,0.0027658481830241666,0.00017366083819830714
2019,SSRRS,T2M_MIN,-0.0002093305067014999,0.7079352665507527,0.0030135049037631756,0.0007563599247671009
2019,SSRSR,T2M_MIN,0.0,,,0.0
2019,SSRSS,T2M_MIN,0.0003968374747550177,0.6125688789519663,0.005499552266768126,0.0014857614692469876
2019,SSSRR,T2M_MIN,0.0014275099559286064,0.15252099628043397,0.04305953804382123,0.0023627617472966322
2019,SSSRS,T2M_MIN,0.0008181891003039621,0.6449976278222145,0.0045541614985598056,0.007634184908483046
2019,SSSSR,T2M_MIN,-0.0019925437213859556,0.03733533722447311,0.08900119572378651,0.0021202338922718844
2019,SSSSS,T2M_MIN,-0.0025557488107715172,0.5980464659622646,0.0059592653060750456,0.056845211073213095
2019,RRRRR,PRECTOTCORR,-0.02505627120535404,0.6554135471116955,0.004273223208575705,0.025401442381068957
2019,RRRRS,PRECTOTCORR,-0.1555883642180192,0.19365256538334746,0.03568028769620346,0.001938108786505896
2019,RRRSR,PRECTOTCORR,0.7628058330479269,0.29302641388835726,0.023495424357751094,0.005942325538807191
2019,RRRSS,PRECTOTCORR,-1.330550322656259,0.15793203862432773,0.04196961761031581,0.0013516926196040341
2019,RRSRR,PRECTOTCORR,-5.099204559126356,0.3633594257984323,0.017610574290346515,0.007983064507568392
2019,RRSRS,PRECTOTCORR,-4.604943469387917,0.1761111826684526,0.038589840514540064,0.0005173208477977155
2019,RRSSR,PRECTOTCORR,1.798142635708765,0.831488669137616,0.0009732480370814311,0.0005977390306872306
2019,RRSSS,PRECTOTCORR,-84.2132844610497,0.013068795078930806,0.12404878463912994,0.0016826430230170448
2019,RSRRR,PRECTOTCORR,-0.9411557736655544,0.8377091724415038,0.0009017577991783376,6.190126256457023e-06
2019,RSRRS,PRECTOTCORR,0.0,,,0.0
2019,RSRSR,PRECTOTCORR,0.0,,,0.0
2019,RSRSS,PRECTOTCORR,56.25882705655529,0.7039509327231658,0.003100251030543788,4.2929262182756484e-05
2019,RSSRR,PRECTOTCORR,0.0,,,0.0
2019,RSSRS,PRECTOTCORR,0.0,,,0.0
2019,RSSSR,PRECTOTCORR,0.0,,,0.0
2019,RSSSS,PRECTOTCORR,-6880.471926415963,0.4570464137014344,0.011823743313514767,0.0002111462522331686
2019,SRRRR,PRECTOTCORR,20563.352487891214,0.30348581826166154,0.022511170960772486,0.0001848140923899679
2019,SRRRS,PRECTOTCORR,1185.3188870059785,0.9929754531542521,1.6668223276061767e-06,0.001600226277870508
2019,SRRSR,PRECTOTCORR,9115.288512585568,0.7743973559350905,0.0017651198089153608,1.68255219364297e-05
2019,SRRSS,PRECTOTCORR,-236089.67208320464,0.46611590598550723,0.011357221142466178,0.0003276867328172605
2019,SRSRR,PRECTOTCORR,193953.4517886971,0.7564694638108471,0.002066010679827257,0.000231457027812927
2019,SRSRS,PRECTOTCORR,223339.65132956277,0.8868692104561384,0.0004351458571342226,0.00027528495029471926
2019,SRSSR,PRECTOTCORR,3413476.3067139806,0.5417013368424661,0.007976009177492083,0.0006567099505439633
2019,SRSSS,PRECTOTCORR,10692368.096570842,0.46288016311416735,0.011522020182650583,0.0008382972820025453
2019,SSRRR,PRECTOTCORR,6947916.733233012,0.6481228732495534,0.004468739155192636,0.00017336429252440668
2019,SSRRS,PRECTOTCORR,779930.4262211836,0.9915046361760849,2.437932471788251e-06,0.0007586442590074105
2019,SSRSR,PRECTOTCORR,0.0,,,0.0
2019,SSRSS,PRECTOTCORR,685985025.5624579,0.2042094777875612,0.034069895994814026,0.00144307801347678
2019,SSSRR,PRECTOTCORR,1469638340.822599,0.36014383615489076,0.017845931836151574,0.002425016136809123
2019,SSSRS,PRECTOTCORR,-7856332007.571241,0.22646712803028843,0.030968151049758474,0.007431613083271385
2019,SSSSR,PRECTOTCORR,-349553281.7077074,0.9664236468748855,3.810281519356362e-05,0.0023272841802203866
2019,SSSSS,PRECTOTCORR,103648296987.72621,0.27103161976040635,0.02571561827092128,0.055715424319887165
2020,RRRRR,T2M,0.0066700073346562146,0.16171829196821258,0.042117862717997556,0.04328762602011245
2020,RRRRS,T2M,0.0005265173335185875,0.7960860709022335,0.0014664966926545286,0.008075553445173135
2020,RRRSR,T2M,0.00044211486413774375,0.7488696171161033,0.0022497065164297503,0.003708784734304124
2020,RRRSS,T2M,-0.006361872801208732,0.06690370481749303,0.07112353806118643,0.02261413416909199
2020,RRSRR,T2M,0.0017097816325951861,0.4938451378027634,0.010235283264461659,0.012094245840881595
2020,RRSRS,T2M,-0.000857078931414831,0.23136854596074613,0.030988823824135037,0.0009827221118884103
2020,RRSSR,T2M,0.001545147542417386,0.03896006269657166,0.08941680218293324,0.001040173547922298
2020,RRSSS,T2M,0.00033407734465316875,0.6908801494431838,0.0034692245034189106,0.0013715693024343566
2020,RSRRR,T2M,-3.8009381795378697e-06,0.6353839147574828,0.004928816519406354,1.247838860443486e-07
2020,RSRRS,T2M,-0.00014677616823449507,0.26386035527895635,0.02706186455074111,3.313629881602549e-05
2020,RSRSR,T2M,0.0,,,0.0
2020,RSRSS,T2M,-0.00032628351280196974,0.19599006672904085,0.03607706444360792,0.00012169333035043664
2020,RSSRR,T2M,0.00047362429649920124,0.20551144387483794,0.03460930986987787,0.00026769700325523333
2020,RSSRS,T2M,-8.603524155166136e-05,0.4182406869736993,0.01429692897150836,2.1833407012216993e-05
2020,RSSSR,T2M,-0.00014213442207796763,0.4904860438009623,0.010394536018320522,8.228504445330003e-05
2020,RSSSS,T2M,0.0007176943374399339,0.20122016052233033,0.03526098794003674,0.0006029201522122389
2020,SRRRR,T2M,-0.0001898355183647623,0.18577844843603777,0.03774428592408541,3.9306070277104895e-05
2020,SRRRS,T2M,0.0008936434212635374,0.24910899074018866,0.028768793014172234,0.0011534397340109285
2020,SRRSR,T2M,-0.0003704247620898025,0.09506437934467708,0.05939652751420088,9.29631731722711e-05
2020,SRRSS,T2M,0.00014211880091255603,0.7399044512825006,0.00241912949732892,0.0003563341622827019
2020,SRSRR,T2M,2.8717318298359346e-05,0.9588817745224049,5.8414816696106264e-05,0.000603955264957626
2020,SRSRS,T2M,-0.0004945340993836489,0.18504753402940977,0.0378675788988162,0.0002658429770817974
2020,SRSSR,T2M,-0.00024005362302948277,0.7309957668733131,0.0025942527836505525,0.0009478541174101345
2020,SRSSS,T2M,0.0015215865669468709,0.15261344088819076,0.04396521980681356,0.0021538882661648454
2020,SSRRR,T2M,0.0001499860044624282,0.07176322327904235,0.06876972585881269,1.3032467819082302e-05
2020,SSRRS,T2M,0.0017986870478895814,0.11253135219397477,0.053837793557303226,0.002432511793592976
2020,SSRSR,T2M,0.0,,,0.0
2020,SSRSS,T2M,-0.0023833217790940665,0.47245959424563577,0.011280532731124171,0.021299736685220526
2020,SSSRR,T2M,-0.00043473884173855836,0.3120554833616621,0.022208434160880253,0.000356000519536161
2020,SSSRS,T2M,0.0001495419649214952,0.8272475107619914,0.0010461064631348549,0.0009136105801066253
2020,SSSSR,T2M,-0.0020927545754710437,0.017421025361735547,0.11682341183111111,0.001416510044901889
2020,SSSSS,T2M,-0.002973600595971686,0.650500783243222,0.0045009634355974715,0.08366927878975905
2020,RRRRR,QV2M,-0.1252762480545943,0.529043823501093,0.008669906512563719,0.044799171713475416
2020,RRRRS,QV2M,0.31431119605538427,0.4232535788106053,0.013993837347367144,0.00797423965985903
2020,RRRSR,QV2M,0.623253453055864,0.43585904484375604,0.013254586218809594,0.0036678779762609488
2020,RRRSS,QV2M,-8.32079679877911,0.10968694067934746,0.05467779169163123,0.02301451713728101
2020,RRSRR,QV2M,-6.725888140227578,0.45415361671200205,0.012237137281206678,0.012069784558107317
2020,RRSRS,QV2M,-4.900073751629511,0.4200976498003609,0.014184034205245055,0.0009997646793532037
2020,RRSSR,QV2M,40.122913373223525,0.005380430737694616,0.1565250920965795,0.0009635146899708041
2020,RRSSS,QV2M,7.76938594813865,0.8385490898870784,0.0009119225396664321,0.001375089030030115
2020,RSRRR,QV2M,-0.05227292775688856,0.9503580362318351,8.517705082899951e-05,1.2539128797249284e-07
2020,RSRRS,QV2M,-28.521495778358553,0.368912209355295,0.01758559053311126,3.3459041481843316e-05
2020,RSRSR,QV2M,0.0,,,0.0
2020,RSRSS,QV2M,-325.3449803608763,0.31502245380381394,0.021940763467774627,0.0001234780098939235
2020,RSSRR,QV2M,47.43479216220207,0.9659504457224934,4.004609572361151e-05,0.0002772828511525582
2020,RSSRS,QV2M,-494.2545018340731,0.4932052476804497,0.010265482008190108,2.192270390596254e-05
2020,RSSSR,QV2M,-1677.1590583601721,0.6026342535095374,0.005938849904595811,8.265553182759425e-05
2020,RSSSS,QV2M,33641.452518433194,0.09345532498322139,0.059962083157802826,0.0005874830361608162
2020,SRRRR,QV2M,-15529.801216008645,0.19103861153271284,0.03687284970124194,3.9341666567068206e-05
2020,SRRRS,QV2M,228754.2148158385,0.1193933774094751,0.05190124994207257,0.0011259674959135317
2020,SRRSR,QV2M,-121965.259268176,0.21348753602369128,0.0334386010241533,9.552868700044146e-05
2020,SRRSS,QV2M,123905.72867672064,0.7745703202270854,0.0018010346815039435,0.0003565549446823256
2020,SRSRR,QV2M,165398.88114241697,0.8984345593824468,0.00035797459351405436,0.0006037743336841801
2020,SRSRS,QV2M,-2156702.5823091087,0.2822008607520855,0.025094351854503483,0.00026937229657039274
2020,SRSSR,QV2M,1457467.00402459,0.8656920418035342,0.0006284666718248122,0.0009497222422582636
2020,SRSSS,QV2M,51375718.31822074,0.08755222589473419,0.06212828780156143,0.002112967977654488
2020,SSRRR,QV2M,8912471.530219864,0.10292967085144,0.05676993480401027,1.3200403608005885e-05
2020,SSRRS,QV2M,286075596.1766821,0.09320018321560755,0.0600527017394098,0.002416533732594418
2020,SSRSR,QV2M,0.0,,,0.0
2020,SSRSS,QV2M,-848927198.4730213,0.7491179903213274,0.002245109101226439,0.0214943845611118
2020,SSSRR,QV2M,-479080643.1853372,0.5459899752588895,0.00797954267304224,0.0003611810640806896
2020,SSSRS,QV2M,1273735306.5231562,0.6603278593675821,0.004235251407568641,0.0009106938923780131
2020,SSSSR,QV2M,-15090699530.907614,0.0829213091461297,0.0639376381282033,0.001501332526256265
2020,SSSSS,QV2M,95280377150.83017,0.5172471162218293,0.009174143298318227,0.08327650936014909
2020,RRRRR,RH2M,-1.0296483941839574,0.00048593367394766127,0.23460747909974344,0.034588832919813885
2020,RRRRS,RH2M,0.6172178890811738,0.45827085056294037,0.01201678314901855,0.00799022891489142
2020,RRRSR,RH2M,0.8744847299175461,0.6391880530091225,0.004818931684666294,0.0036992345461005437
2020,RRRSS,RH2M,6.497978012351978,0.6090449300497449,0.005731880657419031,0.024206138891637648
2020,RRSRR,RH2M,-46.46880236362656,0.0307374314525367,0.09748329780451537,0.0110281349570177
2020,RRSRS,RH2M,8.498411770153622,0.5709562996834026,0.007031505172306551,0.0010070184124466978
2020,RRSSR,RH2M,32.89733021718273,0.373580004328929,0.017248660097920143,0.0011226123548094523
2020,RRSSS,RH2M,-27.8581651092764,0.7675986130821936,0.001917393451163485,0.0013737051560238026
2020,RSRRR,RH2M,0.68710756614786,0.7406715417606211,0.0024043671982860726,1.251004569607222e-07
2020,RSRRS,RH2M,28.67730453250566,0.7160619875387308,0.0029032255456864497,3.3959093043009235e-05
2020,RSRSR,RH2M,0.0,,,0.0
2020,RSRSS,RH2M,375.49841483594423,0.640847197141162,0.004771476558457999,0.00012564559780646844
2020,RSSRR,RH2M,-4609.068230801059,0.08862507353271516,0.06172340979905555,0.0002601784272308204
2020,RSSRS,RH2M,689.1753539031862,0.6999699361315272,0.0032582787460138096,2.2077914055283468e-05
2020,RSSSR,RH2M,1543.9910512138,0.8466466534130633,0.000821658098749789,8.308102296577566e-05
2020,RSSSS,RH2M,38115.253334771376,0.4481278371868811,0.012565255252640739,0.0006171040034252575
2020,SRRRR,RH2M,10194.67811567728,0.7310090136952179,0.002593987325827274,4.074188415355578e-05
2020,SRRRS,RH2M,212060.75862876757,0.5641724448260302,0.007281249146452784,0.001178958463953975
2020,SRRSR,RH2M,178082.39267475894,0.4654932875043061,0.011637597575458014,9.76833573989828e-05
2020,SRRSS,RH2M,-13023.7931917003,0.9902998506317395,3.248327434923759e-06,0.00035719711085990845
2020,SRSRR,RH2M,451342.1438859529,0.8880828277098728,0.00043515535911087255,0.0006037277172313528
2020,SRSRS,RH2M,2422489.7505557137,0.6272619302985696,0.005168503924650847,0.00027487792824683956
2020,SRSSR,RH2M,13892650.24900806,0.5138786166818425,0.00932181496517015,0.0009414607839731828
2020,SRSSS,RH2M,60610492.71435259,0.4212209414243764,0.0141160974913066,0.002221136524954864
2020,SSRRR,RH2M,1854849.223629138,0.8924837262127309,0.00040140686463197017,1.3989275111411938e-05
2020,SSRRS,RH2M,158593895.65442827,0.7109759881155917,0.0030129331520155622,0.002563178682950564
2020,SSRSR,RH2M,0.0,,,0.0
2020,SSRSS,RH2M,4296721405.933652,0.5123603261076424,0.009388921055936472,0.021340487203366468
2020,SSSRR,RH2M,707907144.082613,0.7188447071978818,0.002844171296664255,0.000363050782476586
2020,SSSRS,RH2M,2282659481.708828,0.750454947535636,0.002220450597540391,0.0009125365633448701
2020,SSSSR,RH2M,15850977382.464058,0.4678452899996094,0.011516102691217944,0.001585410424731389
2020,SSSSS,RH2M,562419038817.5088,0.11835499257892967,0.05218653002618434,0.07966142261032486
2020,RRRRR,T2M_MAX,0.013453610058580088,0.013110538585613755,0.12648568760924572,0.03947496190426883
2020,RRRRS,T2M_MAX,-0.003244507392722486,0.16695983988912083,0.04110581753800391,0.007754973862258072
2020,RRRSR,T2M_MAX,-0.0014077204232170338,0.3794084770353181,0.01683598262750008,0.003654565398540057
2020,RRRSS,T2M_MAX,-0.010553402440360115,0.007704062728838008,0.1444702423743962,0.020828458376707767
2020,RRSRR,T2M_MAX,0.005676768538596715,0.04667093885301704,0.08328579930758251,0.011201618648893266
2020,RRSRS,T2M_MAX,0.00038475750925413523,0.6465737771717609,0.00460985935988989,0.0010094743231168055
2020,RRSSR,T2M_MAX,0.00025909280911251656,0.7712573364564587,0.0018558375388590953,0.0011401958187830688
2020,RRSSS,T2M_MAX,0.0003908603795758877,0.689355570268813,0.003505352250522731,0.0013715195782210035
2020,RSRRR,T2M_MAX,3.0502899088447846e-06,0.743882605682044,0.002343113292369914,1.25108138321154e-07
2020,RSRRS,T2M_MAX,-6.455261388028256e-05,0.6746954813968848,0.0038638859786953583,3.392637489782704e-05
2020,RSRSR,T2M_MAX,0.0,,,0.0
2020,RSRSS,T2M_MAX,-0.00014552303464987194,0.6229928404158838,0.005297298323816979,0.00012557921386700926
2020,RSSRR,T2M_MAX,0.0009965686907208848,0.019430639684803203,0.11310699987734862,0.0002459300682803106
2020,RSSRS,T2M_MAX,5.010167957530043e-06,0.9678102809537876,3.5788589113794345e-05,2.214929248683796e-05
2020,RSSSR,T2M_MAX,0.0002407439483096882,0.3142249166994346,0.022012397302638265,8.131902691699219e-05
2020,RSSSS,T2M_MAX,0.0001336184342241994,0.8394015044446299,0.0009021904090243948,0.0006243929144601285
2020,SRRRR,T2M_MAX,0.00013391461568623442,0.4254206974116409,0.013864437030100318,4.028151059416761e-05
2020,SRRRS,T2M_MAX,0.0003587908398584273,0.6928378552215442,0.0034231491521560242,0.0011835403655642209
2020,SRRSR,T2M_MAX,-0.00024459741011857836,0.34866673999666375,0.019116780585316406,9.694416324791818e-05
2020,SRRSS,T2M_MAX,0.0002661047018773432,0.5929450550224954,0.006260530806874165,0.00035496202037611264
2020,SRSRR,T2M_MAX,-0.00019333020984310748,0.7654371665674784,0.0019542706593527193,0.0006028101859502726
2020,SRSRS,T2M_MAX,-8.077421154317296e-05,0.8538247553987872,0.0007457109513611115,0.00027609997255721643
2020,SRSSR,T2M_MAX,-0.0010223334808567553,0.20469496735072856,0.034732091932338616,0.0009173129026168925
2020,SRSSS,T2M_MAX,0.0003331815799484134,0.7900879823033208,0.001556065582220989,0.0022494335136336325
2020,SSRRR,T2M_MAX,0.00011482889312932982,0.24104256923220366,0.029754194039198545,1.3578486002772077e-05
2020,SSRRS,T2M_MAX,-0.0003490304594193291,0.7940612113824865,0.0014964172588711744,0.0025670775311291594
2020,SSRSR,T2M_MAX,0.0,,,0.0
2020,SSRSS,T2M_MAX,-0.008648330837071845,0.021511186473310438,0.1096424797271599,0.019180749813597176
2020,SSSRR,T2M_MAX,-0.00023938384280743508,0.633954114579693,0.004970507488923803,0.00036227661258639743
2020,SSSRS,T2M_MAX,0.0013591379289152928,0.08329887568141692,0.06378620978974758,0.0008562305322715538
2020,SSSSR,T2M_MAX,-0.00044802774430981553,0.6712024290223751,0.003952329240551,0.0015975418163621904
2020,SSSSS,T2M_MAX,0.0025314747151442946,0.7404880283577455,0.002407894280014422,0.08384519617417874
2020,RRRRR,T2M_MIN,0.0037262537336195914,0.4129349008060834,0.014623566964104273,0.04453012000340981
2020,RRRRS,T2M_MIN,0.0008839553584347865,0.6469827004082445,0.004598446892088659,0.00805022406850287
2020,RRRSR,T2M_MIN,0.0004713124411950554,0.7188408396068138,0.0028442528997060235,0.0037065747178656105
2020,RRRSS,T2M_MIN,-0.005089157488825068,0.12413109543970949,0.05063256616874123,0.0231130009254566
2020,RRSRR,T2M_MIN,0.0011180638063034314,0.6374456358008864,0.004869075596914629,0.012159817217257379
2020,RRSRS,T2M_MIN,-0.0009440388450824356,0.16321506851111373,0.0418251928318798,0.0009717324146606454
2020,RRSSR,T2M_MIN,0.0014697677955476498,0.03829062549096746,0.09000599672999576,0.0010395005016988407
2020,RRSSS,T2M_MIN,9.442012353866939e-05,0.9057114551382006,0.00030829199753601433,0.0013759198333951044
2020,RSRRR,T2M_MIN,-3.988704868324571e-06,0.5996018665882232,0.006038368511975367,1.2464474603939266e-07
2020,RSRRS,T2M_MIN,-0.00013877000906497368,0.26521261643984,0.026911172861588506,3.314143106920677e-05
2020,RSRSR,T2M_MIN,0.0,,,0.0
2020,RSRSS,T2M_MIN,-0.00031781205748114425,0.18380639161657936,0.03807820270042128,0.00012144069067357
2020,RSSRR,T2M_MIN,0.00041218233931080605,0.24586263991739507,0.029160738636873185,0.0002692078591253075
2020,RSSRS,T2M_MIN,-8.262246448074291e-05,0.412215211065874,0.014668342872324658,2.1825180162666793e-05
2020,RSSSR,T2M_MIN,-0.00015371564524272927,0.4311839231954655,0.013525006590366928,8.202474788102347e-05
2020,RSSSS,T2M_MIN,0.0007616337081022486,0.15160323876372722,0.04417764064111818,0.0005973476299688598
2020,SRRRR,T2M_MIN,-0.00019813719380668208,0.14438193317279127,0.045742832351318485,3.897934690889353e-05
2020,SRRRS,T2M_MIN,0.0008149684105903826,0.26787099224999583,0.026617633125642026,0.0011559944637928737
2020,SRRSR,T2M_MIN,-0.00032902383430947926,0.1185500521899538,0.052132736344424835,9.3681079384778e-05
2020,SRRSS,T2M_MIN,0.00010318363369517223,0.7993709433655987,0.0014186408182750299,0.00035669153510917194
2020,SRSRR,T2M_MIN,0.0001192300673785888,0.8213296482653167,0.001120215561380311,0.0006033139473450873
2020,SRSRS,T2M_MIN,-0.000502141052357745,0.15517645943136213,0.04343314506817786,0.00026430517766130244
2020,SRSSR,T2M_MIN,-0.00016151867933456945,0.8073007780375708,0.0013065801000533561,0.00094907781785344
2020,SRSSS,T2M_MIN,0.0016019130556953688,0.1112575249170942,0.05421114344004685,0.002130804822814403
2020,SSRRR,T2M_MIN,0.0001368019216651219,0.08364864735195138,0.06364656726948159,1.3104165874119321e-05
2020,SSRRS,T2M_MIN,0.0017992161061019776,0.09354848589304932,0.05992906009206367,0.002416851605960423
2020,SSRSR,T2M_MIN,0.0,,,0.0
2020,SSRSS,T2M_MIN,-0.0012004651223067484,0.7032555405363381,0.0031838903920514694,0.021474160630096446
2020,SSSRR,T2M_MIN,-0.00041883738965483577,0.30420857815725466,0.022932252113083473,0.00035573698733151076
2020,SSSRS,T2M_MIN,-1.5749777263714994e-05,0.9806640989198065,1.2909021387841335e-05,0.0009145555087166705
2020,SSSSR,T2M_MIN,-0.0022527453917880894,0.006421446160681143,0.1505955966436867,0.001362343483348801
2020,SSSSS,T2M_MIN,-0.0017041788453115716,0.7843366426953398,0.0016446190729330068,0.08390934760351111
2020,RRRRR,PRECTOTCORR,-0.12877788896096662,0.09316661316677992,0.06006464422088198,0.042476593497712656
2020,RRRRS,PRECTOTCORR,0.01806226602840173,0.9453788562920067,0.00010314796953447836,0.008086579410192333
2020,RRRSR,PRECTOTCORR,0.3173355092989963,0.6130745542804619,0.005604133397947519,0.00369631583573124
2020,RRRSS,PRECTOTCORR,0.5328913731636836,0.9031377377642811,0.0003254337611674485,0.024337762547203975
2020,RRSRR,PRECTOTCORR,-22.655420482818904,0.0018334376019453192,0.1921148601432715,0.009871802184309423
2020,RRSRS,PRECTOTCORR,2.741352483706364,0.6001469056296693,0.006020403928159501,0.001008043820176155
2020,RRSSR,PRECTOTCORR,21.778844327883363,0.08787969500989612,0.06200415660425529,0.0010714874452991286
2020,RRSSS,PRECTOTCORR,18.233352840317526,0.5794324124816825,0.0067274379510159354,0.0013670848794186438
2020,RSRRR,PRECTOTCORR,0.4050697112918106,0.5762650115229018,0.006840038378625013,1.2454421505935233e-07
2020,RSRRS,PRECTOTCORR,0.5694378979307413,0.9835280767637231,9.367647767488663e-06,3.4057651971416615e-05
2020,RSRSR,PRECTOTCORR,0.0,,,0.0
2020,RSRSS,PRECTOTCORR,35.97581980576131,0.8983800470689864,0.0003583609887025663,0.00012620274476406719
2020,RSSRR,PRECTOTCORR,-4135.2179376607555,1.0958902541779747e-06,0.4065124611483578,0.00016457050730258672
2020,RSSRS,PRECTOTCORR,-46.784522412643035,0.9403982520203378,0.00012285208495721456,2.21473640229866e-05
2020,RSSSR,PRECTOTCORR,441.12808917410456,0.8744250506664508,0.0005487551633017729,8.310371466564201e-05
2020,RSSSS,PRECTOTCORR,29475.129566097676,0.08927739942007676,0.061479735073245,0.0005865345693605468
2020,SRRRR,PRECTOTCORR,-3292.6091163852802,0.7508143478428552,0.002213847402804836,4.075741204942679e-05
2020,SRRRS,PRECTOTCORR,178477.49009333266,0.16130781813272974,0.04219864851643873,0.0011374903608370437
2020,SRRSR,PRECTOTCORR,-7961.084877883539,0.9258588651023194,0.0001902883447980619,9.881473552110902e-05
2020,SRRSS,PRECTOTCORR,-438955.56590153434,0.23756921959429558,0.03019063292086821,0.00034641422927238707
2020,SRSRR,PRECTOTCORR,9191.207513700678,0.9934601746313274,1.4764677788159375e-06,0.0006039896551821313
2020,SRSRS,PRECTOTCORR,-91844.13742516129,0.958056916351051,6.078411400656236e-05,0.0002762892219635686
2020,SRSSR,PRECTOTCORR,2249057.2062137984,0.7628543587070562,0.0019988377111384015,0.0009484199519560289
2020,SRSSS,PRECTOTCORR,36504984.48893228,0.16285297764105633,0.04189572020922927,0.0021585507230047203
2020,SSRRR,PRECTOTCORR,3066319.255147502,0.521843853187099,0.008975291860325862,1.3869284510382624e-05
2020,SSRRS,PRECTOTCORR,28177042.904248856,0.8507162774005881,0.000778132330352399,0.002568924187598721
2020,SSRSR,PRECTOTCORR,0.0,,,0.0
2020,SSRSS,PRECTOTCORR,543256020.2209716,0.8130785947309108,0.0012279960658804212,0.02151629597334668
2020,SSSRR,PRECTOTCORR,278207083.33783484,0.6856485343918377,0.0035941009626698772,0.0003627777433545063
2020,SSSRS,PRECTOTCORR,1588343300.857781,0.5260417632732457,0.008796344802523115,0.0009065224654388467
2020,SSSSR,PRECTOTCORR,906942657.9384494,0.9056881057462665,0.0003084453986812452,0.0016033861719911887
2020,SSSSS,PRECTOTCORR,154528164149.7223,0.22210520054365296,0.03222925891517492,0.0813387828278019
2021,RRRRR,T2M,0.005515477383906275,0.1410978582496414,0.044570683872315775,0.03228228976172922
2021,RRRRS,T2M,-0.00041521209248375566,0.41248346949236814,0.014039164795848769,0.0005993868746880762
2021,RRRSR,T2M,-4.325477229689148e-05,0.9350065206684344,0.00013998245146873423,0.0006615802280978102
2021,RRRSS,T2M,1.5074196759806514e-05,0.9912232681249737,2.547327819679701e-06,0.004416022368254395
2021,RRSRR,T2M,0.0013450608881874126,0.5702003903900771,0.006762871438219742,0.013153900515660054
2021,RRSRS,T2M,-0.0004163279266243971,0.40060832778632327,0.014762605508960913,0.0005726612669648948
2021,RRSSR,T2M,0.00037122588497073616,0.5549401759861592,0.007310400574842113,0.0009263980864697317
2021,RRSSS,T2M,0.0008066439001836182,0.19032986484861975,0.03545947806137395,0.0008761948516606545
2021,RSRRR,T2M,0.0005653727525992805,0.12003529370529463,0.04960366141705397,0.00030318633196981995
2021,RSRRS,T2M,0.0,,,0.0
2021,RSRSR,T2M,0.0,,,0.0
2021,RSRSS,T2M,1.668459202707985e-06,0.9945784371019428,9.719808021779741e-07,0.0001417822695976293
2021,RSSRR,T2M,-0.00018942420907242527,0.25234002056624805,0.027206165803333238,6.351455854600474e-05
2021,RSSRS,T2M,0.0,,,0.0
2021,RSSSR,T2M,0.0,,,0.0
2021,RSSSS,T2M,-0.00018921746218196416,0.40207734918985183,0.014671453549642388,0.00011903623958596527
2021,SRRRR,T2M,0.00020841667314139327,0.09888638960010385,0.05571659941975193,3.644446016732211e-05
2021,SRRRS,T2M,7.50801424982868e-05,0.7912866264238871,0.0014732396397030278,0.00018914085117179358
2021,SRRSR,T2M,0.0003496419925899097,0.40212398417071626,0.014668567664831822,0.00040652817627878543
2021,SRRSS,T2M,0.0004554689258683972,0.507354830736693,0.009209766444536527,0.0011048401692970546
2021,SRSRR,T2M,0.0013656332896875992,0.05521438658348702,0.0744540617054783,0.001147695355688358
2021,SRSRS,T2M,0.00019021176540567943,0.6342556175709764,0.004753307348534741,0.00037502347104682925
2021,SRSSR,T2M,0.00016773280566453162,0.6952111980468163,0.003226211631240483,0.0004303171246770297
2021,SRSSS,T2M,0.002520581191289887,0.021221403768639034,0.1057242730513075,0.002660400174851292
2021,SSRRR,T2M,0.00017256254564891518,0.6289164473341127,0.004904126014350196,0.00029911984845452277
2021,SSRRS,T2M,0.000355409404104078,0.4208081040086884,0.013549756965289261,0.0004552504236110081
2021,SSRSR,T2M,-0.0002267131231438677,0.13961490467994553,0.04489751002259801,5.4128985886862295e-05
2021,SSRSS,T2M,-0.0008868096164836467,0.09086960967036314,0.058405781228987874,0.0006276500731525398
2021,SSSRR,T2M,-0.000537054134858416,0.11018517466275228,0.052294632908468586,0.0002587624179406376
2021,SSSRS,T2M,-0.0010661627347600265,0.7195283597618468,0.002710795055835269,0.02070238022077781
2021,SSSSR,T2M,-0.0022898322667000994,0.031375728364337864,0.09290498538177361,0.0025343696109440326
2021,SSSSS,T2M,-0.008221253863103043,0.14486346176134657,0.04375735790285196,0.07312097659724599
2021,RRRRR,QV2M,0.056529993640052206,0.7363030489490661,0.002384439349370937,0.03370768936655657
2021,RRRRS,QV2M,-0.04670286613334331,0.6556009752067451,0.0041786062346240715,0.0006053813210876307
2021,RRRSR,QV2M,-0.3668748154381827,0.2605600556710767,0.026294008669455304,0.0006442748190132512
2021,RRRSS,QV2M,1.461215794440586,0.5010956746499604,0.009482883625617,0.004374156884459636
2021,RRSRR,QV2M,-1.7251824370183382,0.8494650476705794,0.0007580790884579303,0.01323342476914858
2021,RRSRS,QV2M,-1.6494160241326845,0.7121330967048759,0.0028621656048014588,0.0005795783014086352
2021,RRSSR,QV2M,12.4705545569376,0.3411600965446494,0.018892968495525575,0.0009155889989520017
2021,RRSSS,QV2M,-18.929840339653886,0.5273971804506863,0.008372730840048748,0.0009008006281145636
2021,RSRRR,QV2M,-71.63532823450517,0.075849367476152,0.06419053111327366,0.0002985329685901666
2021,RSRRS,QV2M,0.0,,,0.0
2021,RSRSR,QV2M,0.0,,,0.0
2021,RSRSS,QV2M,131.68708935796388,0.6933661897832046,0.003267415702537968,0.00014131914534310077
2021,RSSRR,QV2M,-632.205524810746,0.22250862353623543,0.03084063150134242,6.327726110820767e-05
2021,RSSRS,QV2M,0.0,,,0.0
2021,RSSSR,QV2M,0.0,,,0.0
2021,RSSSS,QV2M,-4782.812512048028,0.5807593577420644,0.006400273182295413,0.00012003546995578777
2021,SRRRR,QV2M,18685.794185244904,0.09297675652102862,0.057675416352887754,3.636885995487437e-05
2021,SRRRS,QV2M,10528.062112298134,0.8549129541057149,0.0007036162844475946,0.0001892866331600922
2021,SRRSR,QV2M,254485.2947623653,0.18943787480373833,0.035599999675162586,0.00039789228321496944
2021,SRRSS,QV2M,777914.7615566186,0.2908367219593993,0.023213877524052795,0.0010892240439741142
2021,SRSRR,QV2M,3952931.16877476,0.024016435372066134,0.10166695610668408,0.0011139508258634502
2021,SRSRS,QV2M,1089288.2372254487,0.6328840656566973,0.004791775661456721,0.0003750089756253987
2021,SRSSR,QV2M,3077495.1864127764,0.5838479375121464,0.006296655147726593,0.00042899158377605976
2021,SRSSS,QV2M,30185972.702040836,0.37281642287475303,0.016580995641934493,0.0029255944361513304
2021,SSRRR,QV2M,9608831.460774751,0.6992888168927981,0.003136210284307883,0.00029965127331425264
2021,SSRRS,QV2M,75476112.62027222,0.28504639310138535,0.023771509969057525,0.00045053304691829556
2021,SSRSR,QV2M,-53258983.907307014,0.3505279853356491,0.018179719468464084,5.564317616801953e-05
2021,SSRSS,QV2M,-487970433.3896065,0.27796597746832524,0.0244727668710093,0.0006502692211034163
2021,SSSRR,QV2M,-750923725.9917948,0.25698927880067673,0.02668592891055488,0.00026575464400258644
2021,SSSRS,QV2M,-7712570029.066508,0.5639472818757805,0.006983817868469799,0.020613678024343055
2021,SSSSR,QV2M,-18978512796.605114,0.08846411126371789,0.059261649765197766,0.0026283670930416785
2021,SSSSS,QV2M,-11498507568.945518,0.9327445517559942,0.0001499184476709825,0.07645550532405022
2021,RRRRR,RH2M,-0.4398103873055378,0.07027757537156981,0.06664670652642957,0.03153637946980412
2021,RRRRS,RH2M,0.1528793537485146,0.4579854237609007,0.011528350284773725,0.0006009132530278438
2021,RRRSR,RH2M,-1.0588917253112204,0.13127559118546886,0.046808683159797804,0.0006307008158623408
2021,RRRSS,RH2M,4.149917143520313,0.39337583822016975,0.015218408472783329,0.004348828613921462
2021,RRSRR,RH2M,-24.11259284378682,0.24028218381718164,0.028610657061185152,0.012864560145361886
2021,RRSRS,RH2M,7.556930256743611,0.45927280065556453,0.011462857395167392,0.0005745792188677315
2021,RRSSR,RH2M,15.62139120949772,0.6046719988199194,0.005626021513350454,0.0009279699832039768
2021,RRSSS,RH2M,-209.39231253678915,0.0013707723262440755,0.19396280017215495,0.0007322094081818852
2021,RSRRR,RH2M,-455.8304754790627,1.4245233280125577e-08,0.4915970668362273,0.0001621858315431306
2021,RSRRS,RH2M,0.0,,,0.0
2021,RSRSR,RH2M,0.0,,,0.0
2021,RSRSS,RH2M,235.61387830328616,0.7591474681126149,0.0019769590483297295,0.00014150210939418932
2021,RSSRR,RH2M,12.551624256211156,0.9916646140236447,2.297571011888877e-06,6.529072284801886e-05
2021,RSSRS,RH2M,0.0,,,0.0
2021,RSSSR,RH2M,0.0,,,0.0
2021,RSSSS,RH2M,12091.842538481023,0.5437137298965844,0.007731579057956073,0.00011987463665226861
2021,SRRRR,RH2M,5828.526682270881,0.8223578388683968,0.0010605620390090609,3.85539008034724e-05
2021,SRRRS,RH2M,11472.575170886377,0.9309793442048926,0.00015791066874193405,0.00018939000066984883
2021,SRRSR,RH2M,71828.92007638443,0.8732045258071728,0.0005360111482192176,0.00041235898836730216
2021,SRRSS,RH2M,266977.21628984186,0.8754848900840801,0.0005167524648531652,0.0011145338367472772
2021,SRSRR,RH2M,2098231.389329276,0.6115890462686926,0.0054137543933378,0.0012333067087060686
2021,SRSRS,RH2M,49526.11780170872,0.9924758471570843,1.8721036854074669e-06,0.00037681388115432777
2021,SRSSR,RH2M,1403734.542800092,0.913633986781861,0.00024759141698016407,0.00043160302454825624
2021,SRSSS,RH2M,-151687745.4266532,0.047819219525218136,0.07913191756325977,0.002739510347539865
2021,SSRRR,RH2M,-5453028.451749504,0.92413199033495,0.00019089304932673468,0.0003005366180011413
2021,SSRRS,RH2M,102876650.7258317,0.5280393291591589,0.008346829697635227,0.0004576515937251032
2021,SSRSR,RH2M,91910387.46920298,0.4845619770475489,0.010232494126978797,5.609357311794178e-05
2021,SSRSS,RH2M,823924053.5314895,0.427151432348272,0.013186263339173832,0.0006577926049838303
2021,SSSRR,RH2M,1001967490.275504,0.5127359463107919,0.008979492872479677,0.00027058922694515734
2021,SSSRS,RH2M,-4172016678.3754725,0.8922467003031587,0.0003862180072086163,0.020750635308343764
2021,SSSSR,RH2M,20904130616.294754,0.42015426573635206,0.01358768265587651,0.0027559774451962863
2021,SSSSS,RH2M,609909807511.7063,0.04698379684125719,0.07970625673822285,0.07037207325962339
2021,RRRRR,T2M_MAX,0.013812936237808215,0.0023106587270399852,0.17751474149387847,0.02779034198726323
2021,RRRRS,T2M_MAX,3.470294611104106e-05,0.9566241266837503,6.227493828281361e-05,0.0006078837277378744
2021,RRRSR,T2M_MAX,0.0005642021763071893,0.3948653278555151,0.015123571970577565,0.0006516659937071998
2021,RRRSS,T2M_MAX,-0.0013150983872345719,0.4430126388306148,0.012311537667928918,0.004361665453116963
2021,RRSRR,T2M_MAX,0.007727752199601779,0.007041327130241322,0.1417532243647447,0.01136616058739085
2021,RRSRS,T2M_MAX,-0.0001524214653713508,0.8069314463131274,0.001256502974762319,0.0005805115798257738
2021,RRSSR,T2M_MAX,-7.447990867009338e-06,0.9924828397684752,1.8686255035538224e-06,0.0009332185568531132
2021,RRSSS,T2M_MAX,0.0018492771257761157,0.014437381433716848,0.11834555617672438,0.0008009006019457275
2021,RSRRR,T2M_MAX,0.0010846585216101072,0.015541201325743778,0.11593361540285518,0.0002820263857113287
2021,RSRRS,T2M_MAX,0.0,,,0.0
2021,RSRSR,T2M_MAX,0.0,,,0.0
2021,RSRSS,T2M_MAX,1.5098988284591316e-05,0.9609175862640863,5.054771506540767e-05,0.00014177524063067645
2021,RSSRR,T2M_MAX,5.263435099720757e-05,0.801193242378704,0.0013338722839405515,6.520378317273553e-05
2021,RSSRS,T2M_MAX,0.0,,,0.0
2021,RSSSR,T2M_MAX,0.0,,,0.0
2021,RSSSS,T2M_MAX,-0.00026338562671038144,0.35224771353519657,0.018051537067861,0.00011862789616290632
2021,SRRRR,T2M_MAX,0.00018191397087103953,0.25457645783974997,0.026954490066363412,3.755452897506947e-05
2021,SRRRS,T2M_MAX,0.0005145325301286548,0.14402341408533215,0.04393677967970411,0.00018109741115018081
2021,SRRSR,T2M_MAX,-0.0004479869044089502,0.3922330529058373,0.015291514531301953,0.00040627116077594647
2021,SRRSS,T2M_MAX,-0.00021451525972193735,0.8038860670089896,0.0012972593900117957,0.0011136634856132785
2021,SRSRR,T2M_MAX,0.00010993090643805283,0.9039716949535298,0.00030636500204661576,0.0012396399730439556
2021,SRSRS,T2M_MAX,0.00034000380021227683,0.49745851143829256,0.009644240122136605,0.0003731804962357035
2021,SRSSR,T2M_MAX,0.0002083217904495451,0.6981984292194967,0.0031601344280952626,0.0004303456508605991
2021,SRSSS,T2M_MAX,0.001665944003865573,0.23439316778502506,0.029327392621242065,0.002887674904478277
2021,SSRRR,T2M_MAX,-0.0002192378657225929,0.6246524599172248,0.005026654124517971,0.00029908301723986
2021,SSRRS,T2M_MAX,0.00017739867389970492,0.7495156752242402,0.0021436493289183067,0.00046051438433267216
2021,SSRSR,T2M_MAX,-0.00013985958434765692,0.4715983117645006,0.010850074789150455,5.605857267003438e-05
2021,SSRSS,T2M_MAX,-0.0005998075017685798,0.36726656002362,0.016966730617456238,0.0006552726122773523
2021,SSSRR,T2M_MAX,-7.0849462580259e-05,0.8683822611183882,0.0005779276043808013,0.00027288319869919655
2021,SSSRS,T2M_MAX,-0.006139720884519241,0.09471606988636704,0.05708556091783645,0.019573633342028687
2021,SSSSR,T2M_MAX,-0.002089550715788142,0.12187793607428529,0.04912661482690217,0.00265668377887892
2021,SSSSS,T2M_MAX,-0.016679426573320423,0.01630057513467416,0.11437116202272168,0.06772135301722274
2021,RRRRR,T2M_MIN,0.003619960508413187,0.3214262570309639,0.020483345998540292,0.03309615888601091
2021,RRRRS,T2M_MIN,-0.00041683458012895533,0.395312457038987,0.015095201698504312,0.0005987448870593213
2021,RRRSR,T2M_MIN,-0.00023966216029411476,0.6403468487559731,0.004584739116120451,0.0006586392532849065
2021,RRRSS,T2M_MIN,9.763422341746027e-05,0.9413342253253162,0.00011400680785711437,0.004415530159443578
2021,RRSRR,T2M_MIN,0.0006085673423484226,0.7910277742257957,0.0014769802328954418,0.013223904027462034
2021,RRSRS,T2M_MIN,-0.00037437014079223156,0.4352227655993851,0.012735162383501142,0.0005738397018836434
2021,RRSSR,T2M_MIN,0.0003696532234363821,0.5436691994074648,0.007733281546627779,0.0009260034453620848
2021,RRSSS,T2M_MIN,0.0004887255111280208,0.41504561757403513,0.013887011779262548,0.0008957914196265276
2021,RSRRR,T2M_MIN,0.00037755559636899836,0.28680970893326435,0.023600215241375455,0.0003114817021690924
2021,RSRRS,T2M_MIN,0.0,,,0.0
2021,RSRSR,T2M_MIN,0.0,,,0.0
2021,RSRSS,T2M_MIN,8.823536635047976e-06,0.9703917076897608,2.9001605744261028e-05,0.0001417782954899263
2021,RSSRR,T2M_MIN,-0.00021910271337857352,0.17016239567699082,0.03883309823073133,6.275542597915387e-05
2021,RSSRS,T2M_MIN,0.0,,,0.0
2021,RSSSR,T2M_MIN,0.0,,,0.0
2021,RSSSS,T2M_MIN,-0.00017498304065382552,0.42364745325667086,0.013386060647259779,0.00011919152620385667
2021,SRRRR,T2M_MIN,0.00019747359811214568,0.10651393982585139,0.05336394362097996,3.653526052502519e-05
2021,SRRRS,T2M_MIN,9.610311526308899e-05,0.726353618904352,0.00257518423656089,0.00018893212092312338
2021,SRRSR,T2M_MIN,0.0003802831766092293,0.3461153574241278,0.018512493353593618,0.00040494224889565093
2021,SRRSS,T2M_MIN,0.0003460760238662361,0.6031753270385884,0.005672627816465048,0.0011087844682094912
2021,SRSRR,T2M_MIN,0.00147179887728027,0.0319967714836042,0.09226294091987997,0.0011256119915691804
2021,SRSRS,T2M_MIN,0.00020451531788150948,0.5971569712021028,0.005862501692980193,0.0003746055104384787
2021,SRSSR,T2M_MIN,0.00010084665966630399,0.8078610226826219,0.001244199490609832,0.00043117277896427466
2021,SRSSS,T2M_MIN,0.002198501030979539,0.03897147041360792,0.08580978753508961,0.002719644207930655
2021,SSRRR,T2M_MIN,0.00019745743941484804,0.5677029596006156,0.0068505540828784905,0.00029853476385704184
2021,SSRRS,T2M_MIN,0.0003986610108190436,0.35041368856239086,0.018188268506021177,0.0004531097334355499
2021,SSRSR,T2M_MIN,-0.00020930128528625359,0.15938522215148818,0.04082468866046074,5.43598068640289e-05
2021,SSRSS,T2M_MIN,-0.0008552727671272004,0.09215502522338133,0.05795814690581824,0.0006279484582849907
2021,SSSRR,T2M_MIN,-0.0005174451184273627,0.11195848649053512,0.05179164818943416,0.00025889975338961154
2021,SSSRS,T2M_MIN,-0.0003476380415147603,0.9037981990124673,0.00030747827135135797,0.02075226983917205
2021,SSSSR,T2M_MIN,-0.002125426837983319,0.039468757638805134,0.08539533608964744,0.002555351125171428
2021,SSSSS,T2M_MIN,-0.005682599506053142,0.30060568699215173,0.02230381868562148,0.07476146371837131
2021,RRRRR,PRECTOTCORR,-0.028185018494101977,0.6554063586692505,0.004183645988528495,0.03364689731309319
2021,RRRRS,PRECTOTCORR,0.023546724819703848,0.7112226850095326,0.0028811221432916145,0.0006061700896742656
2021,RRRSR,PRECTOTCORR,-0.14122517149028635,0.5364840791700811,0.008011342760524065,0.0006563719626833447
2021,RRRSS,PRECTOTCORR,1.5593512165464707,0.3268714054478338,0.020032061654974398,0.004327571359646692
2021,RRSRR,PRECTOTCORR,-11.940268779581553,0.07490779813773872,0.06459216147970515,0.01238804037388462
2021,RRSRS,PRECTOTCORR,-0.3105394369552174,0.9268781850542422,0.00017728669488870086,0.0005811388655597678
2021,RRSSR,PRECTOTCORR,6.838702248939417,0.49281192899969306,0.009853259473076137,0.0009240250389241034
2021,RRSSS,PRECTOTCORR,-55.00902909284277,0.012827574677185774,0.12221295779607255,0.0007973874292887963
2021,RSRRR,PRECTOTCORR,-132.87512712305096,1.788214956467805e-06,0.38120729076100357,0.00019740132000462774
2021,RSRRS,PRECTOTCORR,0.0,,,0.0
2021,RSRSR,PRECTOTCORR,0.0,,,0.0
2021,RSRSS,PRECTOTCORR,202.1748278021552,0.4255044210571446,0.013279873159289912,0.00013989955502081826
2021,RSSRR,PRECTOTCORR,-144.38096402225614,0.7164378863055744,0.002773488423028714,6.510978937843338e-05
2021,RSSRS,PRECTOTCORR,0.0,,,0.0
2021,RSSSR,PRECTOTCORR,0.0,,,0.0
2021,RSSSS,PRECTOTCORR,342.7974287469447,0.9586137779932078,5.668801059943718e-05,0.00012080183009733882
2021,SRRRR,PRECTOTCORR,4890.166447177627,0.5688325061413211,0.006810804661322223,3.833197114964966e-05
2021,SRRRS,PRECTOTCORR,12819.315012595114,0.769953446332554,0.0017986714045069574,0.00018907920791551153
2021,SRRSR,PRECTOTCORR,128246.53615744982,0.38764130434604804,0.015588306475626701,0.0004061487103152171
2021,SRRSS,PRECTOTCORR,188624.28202546973,0.7379733358724867,0.0023532162405359713,0.0011124859774930007
2021,SRSRR,PRECTOTCORR,1275597.9648057376,0.3495399893209339,0.018253741617087926,0.0012173848693958014
2021,SRSRS,PRECTOTCORR,-1981178.999642157,0.25124738755677906,0.027330099710263345,0.00036651620636650933
2021,SRSSR,PRECTOTCORR,-424729.5062784624,0.9210463441282694,0.00020678686345609876,0.0004316206402784762
2021,SRSSS,PRECTOTCORR,-29868018.085689757,0.24552776868470957,0.027989554447770626,0.002891654868155442
2021,SSRRR,PRECTOTCORR,-3567942.4410464303,0.8506989235310992,0.0007455601321585403,0.0003003698884044294
2021,SSRRS,PRECTOTCORR,27736931.378132533,0.6076093925395787,0.005535253936230222,0.00045894914630358535
2021,SSRSR,PRECTOTCORR,8890774.637453364,0.8385532382309888,0.0008735014845835387,5.66239798397036e-05
2021,SSRSS,PRECTOTCORR,1355935.1607362535,0.9968611081516818,3.2580450681773954e-07,0.0006665821180173967
2021,SSSRR,PRECTOTCORR,92622947.61764635,0.8552801312768427,0.0007000210134581186,0.0002728498621931003
2021,SSSRS,PRECTOTCORR,-4745515095.217191,0.6413018037801317,0.004558646217452833,0.02066402132032089
2021,SSSSR,PRECTOTCORR,2197019324.747167,0.7986275351666501,0.0013692603472563736,0.002790114991642488
2021,SSSSS,PRECTOTCORR,131967397983.09799,0.19957727563225833,0.03404535822904731,0.07386362377652603
